,tweet,label
0,internet cepat nya hoax ya indihome useetv kamis minggu kemarin down senin pagi in,0
1,lemot gini,0
2,penanganan udah hari berturut telpon bilangnya proses konfirmasi lewat,0
3,akhir pas hujan malem error yaa,0
4,ya routernya nyala ssid nya gaada plis sejam kuliah online,0
5,mohon tindak lanjutnya semalam internet konek detik lapor pakai aplikasi tida,0
6,halo admin minggu wifi kecepatan downloadnya bawah mbps sekita,0
7,ticket in diperbaiki pusat internet mati jam lampu pos nyala merah,0
8,cinta,1
9,admin internet mati kemarin tolong dibantu no pelanggan,0
10,internet napa si udah restart ga ngaruh speedtest normal tp buka steam sosmed aja par,0
11,sungguh handling buruk ngga solutif ngga menyelesaikan masalah ulur waktu terus ditany,0
12,iya nih bayar mahal mahal ribu sebulan disuru ga netflix kalo iflix u,0
13,nya read,0
14,ud komplain dri siang jam masalah tv ga respon internetnya trouble mas,0
15,indihome kontol malem gangguan mulu anjeng ping merah cape ah mending lepas aja kaya gini,0
16,uda tolong respond handle problemnya uda jam soalnya besok har,0
17,netflix burem tolong,0
18,halo router kena petir tolong pagi ditindaklanjuti ya nomor pelanggan terima kasih,0
19,cuekin pelayanan buruk memuaskan,0
20,halo indihome error modemnya warna merah pon ya,0
21,direstart ditunggu menit ga,0
22,hadeee nyebelin banget gangguan mulu,0
23,maaf kak sya coba berkali pagi tetep ga connect,0
24,tolong carikan jalan keluar,0
25,sih wifi indiehome gw ga konek pagi,0
26,niat gasih jadi wifi,0
28,malam untuk paket telpon rumah ya indihome,0
29,oke kak dicoba dl ya makasih,1
30,udah ken makasih,1
31,hai langganan wifi tp kayak ga berasa soalnya hari make kuota mulu sangking gabisa dipakenya,0
32,thx to karna ngebuka channel,1
33,woyyyy ngeleg banget nih internet gw,0
34,selamat malam akses wifi g bs ya dicoba untuk matikan perangkat hidupkan kembali ttp g bs,0
35,akhir akhir ngeleg banget ya mohon responnya,0
36,woy lemot terus dongg dah bayar mahal bulan harganya naik aja lemot,0
37,mulnomin gangguan,0
38,jaringan u kalo udah hujan minta banget diketjup,0
40,alhamdulillah channel tv kebuka hiburan dirumah terima kasih indihome,1
41,dibalas ya,0
42,gw upgrade paket internet mbps gw dapet segini call center ditelf jam gabis,0
43,b i m so happy terima kasih,1
44,mohon pengertianya koneksi pelayanan stabil mohon diperbaiki,0
45,terima kasih respon baiknya,1
46,gada niatan buka blockan netflix ni quarantine,0
47,nga tau ah komplen dibales abis kuota yah hihhhh a xef xb a xef xb a xef xb,0
48,udah gak baless,0
49,najis koneksinya jelek bgt streaming aja gabisa,0
50,peru offin wifinya nyalakan kembaliv,0
51,mantep ga mas pingnya sampe merah gitu a a,0
52,tweet nggak dibalas nsaya minta turunin mbps emang nggak stabil ns,0
53,gimana kuliah online wifi aja gak,0
54,nih demen bgt gangguan inetnya,0
55,bulan putus sambungan tpi tanya prosedurnya gmna muter trus adminn,0
56,no no no perbaiki aja jaringan putus kayak speed stabil puas,0
57,ikut mendukung program pemerintah nambah betah dirumah masak kalah,0
58,ya keluhannya,0
59,nanya nomor layanan atas nama orang ya,0
60,woi asu internet gua lemot tolong no jastel atas nama nurhayati l,0
61,ganti astinet punya telkom,0
62,hari komplain terakhir cape bandwith i,0
63,kak kendala sore kak knp gitu kak,0
64,iya jah pengen ganti aja rasanya kl gini sebulan,0
65,komplain aja mas gak usah ragu bayar beli produknya kalo pelayanan ga sesuai,0
66,wifi error lambat sebentar loding,0
67,bandwith internasional dipotong bandwith lokal dipotong mu,0
68,terimakasih indihome membuka tayangan all tv channel semoga sukses,1
69,mohon ditangani work from home akibat gangguan in,0
70,nggak ganti provider aja si kak,0
71,direstart menit tetep paketloss,0
72,bayar telat sehari kena cas tpi klo lelet gini gadapet kompensasi nini dri,0
73,iya klo daerah ane provider udh cabut ane har,0
74,selamat malam tanya prosedur pemutusan indihome brp pindah rumah,0
75,bentar ganti rom hp,0
76,tolong udh bayar mahal telat sehari lsg putus sekalinya komplain jawabannya ga masalah ntai nk,0
77,halo reply mohon feedback trims,0
78,koneksi pagi siang malam lemot bgt,0
79,dimana lo nge unblock netflix tod,0
80,ayahalbi untuk nomor pelanggannya terdaftar dilayanan residensial perihal kendalanya h,0
81,asa repot koneksi tikamari work from home leup maen weekend league duh kabiasaan indihome xb,0
83,msh daftar paket rumah ceria ga,0
84,loss nyaa tinggi banget nicchh self quarantine ku ternoda,0
85,suruh restart ont sampe berkali masalahnya timbul timbul sampe capek,0
86,kalo udh aktifin paket trs cabut langganan ga mekanismenya gmn,0
87,paket corona biar orang betah lockdown,0
88,bayar ga telat pelayananya kaya gini kecewa beratt,0
89,tv ga lancar internet naik turun ga stabil kalo siap jaringannya ga usah kasih promo benahin jaringan aja,0
90,halo tolong koneksi,0
91,hallo mendukung kondisi karantina wfh buktinya koneksi bapuk nangudzubilah ndang dibeneri loh,0
92,wih makasih mba evi informasinya,1
93,yah dicuekin perlu teriak,0
94,okee makasih udah udah jugaa xef xb,1
95,indihome akhir ngelagnya parah banget masalah apasi,0
96,cara registrasinya gimana kak,0
97,kak nikmatin liga shopee indihome,0
98,ya sore ko internet nya nge lag terus area batuceper tangerang komplek nya jl daan mogot km,0
99,gone jangannnlah,0
100,gone bantu tag ya,0
101,oke makasih jani dikabarin ya,1
102,ok kk kirain langsung aktif gitu a tks infonya,1
103,up to mbps gmn caranya,1
104,kak upgrade mbps,1
105,terima kasih masa isolasi saluran dibuka secara gratis,1
106,nyebelin ye lu jam segini,0
107,ya nya masi gabisa,0
108,bang please bang kyk gini buka netflix rame dah asli biar jadi enak,0
109,indihome kalo ga gangguan hari,0
110,jogja si kecepatan stuck kbps hloo,0
111,cara registrasi addonnya indisport gmn ya,0
113,bngt dbalasnya ak ngmbek,0
114,gone ngeluh hobby ku,0
115,internet melambat ndm,0
116,abis kesel banget kemarin wifinya ga benernya,0
117,sudahmin,1
118,gone hirup ngeluh terus,0
119,terimakasih atas infonya stay safe keluarga telkom,1
120,tarif normalnya mbps,1
121,dritdi buka sosmed sampe udah habiskan satu video youtube ternyata pakai data seluler bkn wifi pantesan kence,0
122,tv ama internet mati lampu merah wifi modemnya mati seharian mohon bantuan,0
123,gua bayar woyy keluhan gua belom lo bales bales,0
124,responnya ga balesan respon dri admin,0
125,social distance indiehome menjaga jarang jaringan,0
126,sati bulan gak upgrade pak mohon kesediannya untuk menunggu udah seribu kali gituin wkwkkwkw,0
127,lelet gini,0
128,wifinya ga jalan ya modem lampunya merah,0
129,tolong wifi gue udah siang gini terus baru aja dibayar,0
130,jaringan los,0
131,malam kecepatan my indihome mbps my indihome pilihan upgrade mbps,0
132,woy bung upgrade speed tambah lemot jaringannya kena lockdown kah,0
134,baru nyadar gua rom ngetiknya hati,0
135,useetv bermasalah,0
138,sdh upgrade kira prosesnya kk,1
139,udah bulan kyak gini lo,0
140,sdh upgrade kira prosesnya kk,0
141,gausah biar ga nonton drakor terus,0
142,adain upgrade speed gratis wabah covid biar aman nyaman tentram,1
143,terimakasih open all channel bbrp hari nttd ibu gabut kalo anaknya tidur cepet,1
144,kembali normal,1
145,terima kasih atas apresiasi diberikan ya kak yudhi selamat menikmati tayangan hiburan menarik layan,1
146,okey terima kasih ditanggapi sore teknisi datang memperbaiki,1
147,oke coba,1
148,balas thanks,1
149,siap terima kasih indihome xef xb,1
150,coba sinyalnya naik turun,0
151,nga maap,1
152,oke terimakasih ya,1
153,alhamdulillah nanak jdnya betahh nkrn disney nick tv niklodeon dll tnton,1
154,oke tunggu,1
155,terimakasih admin,1
156,paket wifi murah internet only,1
157,paket internet kah,1
158,ogitu thank you netflixnya dibuka,1
159,heheheh iya terimakasih minnnnn,1
160,sebenernya kasian banget petugas indihome teknisinya hari sabtu minggu gini kerja ta,1
162,aktif,1
163,hom indihom minta internet gratis dongs,1
164,siap kak lian terimakasih kembali,1
165,alhamdulillah lancar bro makasih atas responnya,1
166,oke kak siapp,1
167,sudaah,1
168,udah ngga,1
169,tolong netflix dibuka donk,1
170,terima kasih indihome aktif internetnya terima kasih atas respon cepat komunikasi baik salut,1
171,perluasan jaringan kos kebutuhan wfh learning at home,1
172,kak untuk materi indihome study ditambah kak,1
173,thx udh dikasih open all channel seminggu membantu untuk stay dirumah,1
174,tbk netflixan lancar aja gan,1
175,siap,1
176,baik gw tunggu,1
177,za iya tuh minat gw dsini nonton netflix mulu,1
178,thanks chanelnya buka kalo bosen pindah chanel lumayan anak umur bln,1
179,ok makasih kakk,1
180,udah lancar nttd nkevin,1
181,lg promo gratis upgrade speed jadi mbps hari pertama myindihome info,1
182,mikum gak pengen unblock netflix gt nself isolation bikin bosen woy nonton netflix masa tethering hape,1
183,channel dibuka nih nmantap,1
185,komangav telkomsel skg mah gitu skg naik turun pdhl malem jumat,0
186,hari sinyal internet ndan pemberitahuan ngmn nih,0
187,nih kak,0
188,terjadi kisah kemaren terulang mati trrpaksa pake paket separuhaku,0
189,tolong gw bete bgt,0
190,tolong perbaikan nya,0
191,provider gk bener udh bulan dota loss aja gk usah kau suruh suruh restart modem jar,0
192,selamat pagi pelanggan indihome nomor tlp melaporkan gangguan jarin,0
193,okaay trimakasih yaa,1
194,oke coba unplug ya nantinsaya berkabar terima kasih,1
195,oke makasih,1
196,mohon langsung benerin cctv drnkmrn gak nyala inetnya mati,0
197,b selamat memperingati hari isra mi raj umat muslim merayakan semoga momen isra mi raj h memperkuat a,0
198,tetap gk udh coba restart cabut kabel tetap los baru hari kamis teknisinya datang masa sudha error,0
199,wahh bagus dah dikbrin jam diboongin ga dikabarin sampe,0
200,main pc game menyenangkan pelanggan indihome kemana ya teman indonesia,0
201,wifi rumah w bobrokkk nihhh udh social distance wifi mati udh kek goa ya allah hidup w tulunggg yaaa,0
202,gangguan wilayah jatimakmur pondok gede bekasi indikator pon modem menyala mer,0
203,eh sumpah dah lemot parah nyet,0
204,hari jaringan error pkl wib siang hari blm,0
205,ga dibaca gimana,0
206,walah bukanya speed naek internet modyar xaa xaa xaa xaa c c c,0
207,ya ntr tlkom hbgin lu lewt telepati,0
208,kak ni gimana kemarin blm jg internetnya bilangnya teknisi dtg jam sore,0
209,kemarin beli add on pembayaran berhasil via link aja add on aktif app my,0
210,mending bro udah hari los merah internet mati udah lapor disuruh tunggu,0
211,kehilangan calon pelanggan potensial gak kapok emg provider satu,0
212,troll disaat rame gini satu gw yakin mari gaungkan buka blok,0
213,berhenti berlangganan caranya,0
214,pake vpn aja dep tuh jualan product netflix jadi ngebloki,0
215,halo admin koneksi internet lemot gangguan,0
216,admin bangsyatt gadibales ku,0
217,suru buka netflix bis,1
218,eh baru sadar membuka saluran televisi menghadiahkan gb untuk membantu siswa bela,1
219,complaint nih call center nya gakbisa dihubungi,0
220,koneksi trouble digunakan mohon bantuan nya tq,0
221,tanya kalo penambahan layanan sod kuota habis kuotanya bertambah kalo bert,0
222,baca kolom reply lu emang lu beneran parah so,0
223,woi seharian nih jd manusia goa ga dibales tlp ga,0
224,indihome ngadat udah lapor katanya masalah gangguan fisik berita ka,0
225,skrg indihome gangguan,0
226,kendala,0
227,ganti we busuq urg mention ga jawab,0
228,dual play telefon diganti tv,0
229,terima kasih kak maudi dkk,1
230,yosanggi temen ane pindah phoenix lancar sore lemot skr aman tp hargnya mahal,0
231,udh nunggu respon disuruh restart copot pasang kabel mulu kmrn gmn sih teknisinya,0
232,telkomsel pak kasih free akses ruangguru ilmupedia,0
233,bos dah gak dibalas balas bos,0
234,los merah routernya subuh ya restart los merah nidpel nno,0
235,anjir slow respon cuk,0
236,gak respon,0
237,wifi lemot bgttttt upload file google classroom aja la bgtttt yaaa pdhl kmrn lanc,0
238,pe ngedonke ng mb bayr su rung byr kue,0
240,ya kmaren koneksiya lemot parah ga separah deh,0
241,tolong dibantu semalem tiba nge los,0
242,gimna nih masa los merah dri kmren,0
243,gini hasilnya klo verifikasi jaringan pake wifi,0
244,kabel wifi putus motong pohon,0
245,kabel fo putus digigit tikus mohon diperbaiki hari,0
246,halo admin minta tolong los wifinya masa jadi alasan keluar rumah ditengah pandemi gini,0
247,keluhan suruh ga respon malam,0
248,bsk sm adek wfh tolong jgn smpe down ya internetnya jl h saleh kalibaru depok,0
249,aja bolak balik lelet,0
250,heloow ya,0
251,indihome mendukung program wfh work from home memberikan bebas tambah kecepatan internet mbps periode,0
252,kemarin dianggurin,0
253,sipp terimakasih ya masa tanggap darurat diperpanjang mei jadi,1
254,kenceng bgt koneksinya udah sebulan terus terakhir komplain teknisi gak datang box,1
255,bisya kale teman temannya yaah buka channelnya biar sabi dukung pemerintahan kite,1
256,selamat pagi mengaktifkan kembali internet rumah untuk termurah internet only brp y,1
257,terimakasihh membukak akses movieee channels ditagihkan tagihan bulan lhooo yaaaa,1
258,bro bro lo gamau buka akses netflix,0
259,terimakasihh membukak akses movieee channels ditagihkan tagihan bulan lhooo yaaaa,0
260,bayar mahal ah koneksi kesini gak bermutu,0
261,blm respon,0
262,udah kemarin tp gak diread ga dbales uda ta kasi nomornya jg,0
263,hello masalah terkait aplikasi myindihome utk detail nmohon direspon ya,0
264,pagi lemot banget astaaaaaaaaaaagaaaaaaaaaaaaaaaaaaaaaaaaaaaaaaaaaa,0
265,mohon pembukaan all channel diperpanjang sampe maret donggg jd betah wfh kalo dibuka sampe akhir maret thanks,1
266,wait yaaaa coba kalo bermasalah ntar ya admin,1
267,wait yaaaa coba kalo bermasalah ntar ya admin,0
268,tengkyu mba deta,1
269,channel kebuka useetv buka blokiran netflix,1
270,halo admin yaa kaya gini kalo kabel lan sambungan tiang listrik lon,0
271,menghadapi self isolation work study at home bakal memberikan gratis pembayaran,1
272,tolong dimonitor koneksi indihome ga konek los hari adakah kepastianya,0
273,hallo sobat linkaja untuk info terkait kendala akun nya silakan hub call center linkaja wa,0
274,komplain mengenai besaran tagihan indihome nomor,0
275,boro cepet internet kemaren gangguan,0
276,mengajukan komplain internet rumah los nmohon mas mba,0
277,coba lepas pasang kabel patch cord nya udah coba matiin sampe gangguan gimana,0
278,gimana internet aja los kemarin,0
279,penting pentingnya kerja internet telkom indonesia down kena covid minggu,0
280,balas uda hari mati internetnya telfon jg gabsa dipake,0
281,internet kemaren gabisa ya pembayaran tp sampe hari ga jg dirouter ba,0
282,indihome rumah orangtua super lemot ya kaya ga guna gitu pny indihome xbc xef xb xbc xef xb,0
283,brarti kabelx putus mas bro tau krn ggn t ku,0
284,parah jam gk bales,0
285,tweet cepet janji dioerbaiki kmaren tp ga dateng tukang nya,0
286,kmarin minta reset password modem ga diurusin admin sehat pelayanan dperbaiki packet loss,0
287,terimakasih yaa,1
288,halo pelanggan indihome mbps downgrade langganan jadi mbps,1
289,cara registrasi addonnya gmn ya,1
290,baik,1
291,terimakasih kak xanny sya ya barusan,1
292,ok thanks atas responnya tunggu kabar baik selanjutnya terimakasih,1
293,udah dibales via tp ga nyelesain solusi tetep ga,0
294,menemukan jawaban,0
295,tolong didengarkan keluh kesah pelanggan,0
296,baru login aja udah lemod yawlo lemot banget,0
297,gabales dmku males,0
298,hari kedua lemot,0
299,daftar paket lfh ditelp telkom jakarta skrg dap,0
300,blm aja doi digas sm kakeyy,0
301,udah lakuin gabisa udah ga dibales,0
302,ooo ternyata free nya hari untuk berikutnya bayar sesuai paket speed baru ya jadi naik doong tagihannya,0
303,wow kayaknya ngasih channel gratis rangka self quarantine rangorang tida bosan thx bgt j,1
304,gausah nyil udahlaaah makasih,1
305,thanks kak ardhan,1
306,makasih dafa,1
307,gamau unblokir netflix aja,1
308,internetnya lemot gimna bukak game dota menyambungkan teruss,0
309,mari gaungkan buka blokir,1
310,blm lancar lemot,0
311,ngapunten jam nya keluhan niki mas program baru indihome nih mas,0
312,woi koneksi kayak taik gimana sih bayar mahal aja suruh nikmatin koneksi kayak gini,0
314,indihome tau nii pembelajaran online ya kann terus internetnya lemooottt,0
315,hlooo internetnyaaa knpp lg yyy,0
316,ok put siap makasih infonya ya stay save ya put jgn lupa klo kluar pakai masker bawa hs cuci tangan,1
317,bekerja dirumah lancar kecepatan leletnya minta ampun bayar,0
318,buka channel mending buka netflix aja,1
319,halo paket loss nya kek tai yaa,0
320,tolong kerjasamanya bayar nggak telat kendala respon kata,0
321,syudah,1
322,bebas upgrade mbps maksudnya gimana ya promo gratis atay,1
323,nyesel nolak promo eh stay pake produk gagal smpe skrg wif,1
324,sarannya mambantu,1
325,terima kasih canel dibuka dpt hiburan lengkap hrs,1
326,kalo sampe besok pagi wifi eror fix mah minta gaji kerjaan ketunda gegara gan,0
327,bayar paket bayar wifi ga dipake hedeh dahlah cape komplen goodbye,0
328,okay ditunggu,1
329,minggu parah ni indihome,0
330,wifi dirumah lemot banget butuh nugas,0
331,gmn caranya skrg aja lemot banget,0
332,halo admin udah restart modem aja,0
333,gratisin channel,1
334,anjir ngapa dah dipake steam ngadat ga maen samsek donlot game sih iya kenceng,0
335,tolong bet nugas iniii lemot,0
336,tolong nih gue pengen self distancing rumah wifi nya lelet parah jadi ga nyaman diem,0
337,you sucks lemott bgt ya internetnya kemarin loh gunain gabisa tolo,0
338,tar tagihannya jadi dobel gak,0
339,halo dibales tanya info upgrade,0
340,naon sinyalnya,0
341,internet amp tv gangguan please help,0
342,unlock all channels sinyalnya naik turun ilang ri berkali kali bg,0
343,gw doang emang wifi kalo buka twitter lelet ya buka ig youtube browse update apps lancar jaya,0
344,lg gabisa kemana indihome ancur berantakan help,0
345,indihome gak akses netflix yah,0
346,malam ni nsudah jadi systemnya indhome ya aseli kaka kesal,0
347,asli ganggu nonton kapten ri,0
348,unlock dl akun lu ege kaga bs baca tar,0
349,salah satu teknisinya mas,0
350,kalo udah jam segini lelet ya,0
351,halo jaringan indihome lambat ya,0
352,terimakasih respon nya balas kembali,1
354,baiklah,1
355,semoga membantu terima kasih rokie,1
356,sinyaaaaallllllll amponnnnnn udh brp hari kay gini trooosssss udah ga peduli pelanggan,0
357,udah upgrade kalo matiii udh minta dibenerin ga bener bener tolong laaah gemana sih,0
358,telkomsel indihome dah hari gak jelas jaringannya,0
359,jahat bgt masa read aja,0
360,langgan indihome paket tv internetnya dapetnya cuman separo ya internetnya tv ny,0
361,hallo sehat mbps jadi mbps ditunggu balasannya,0
362,ambil promonya aja maret bgmn cari aktifkannya,1
363,samisami,1
365,solusi tepat,1
367,terima kasih berkenan membuka channel tv membantu mengatasi kejenuhan warga me,1
368,tjakeeppp kebuka channel nya bikin betah stay at home,1
369,nnton yutup buffering terus ni,0
370,tolong kemarin lemot bgt refresh twitter aja kali,0
371,asli nih lelet banget sampah,0
372,mahal bah om,0
373,tiba wifi mati logout masuk nomer indihome,0
374,lemot bgt bapak indihome jan suru cabut cabut router udah tp ttp aja,0
375,wifinya lemot bgt ya pake orang amp uda bayar tagihan,0
376,tolong tiba tiba daftar kembali internet jadi indihome main putusin ko,0
378,indihome lemot bat jingan,0
379,macet hari mohon follow up no pelanggan,0
380,happy ngasih akses channels hd thanks yaa,0
382,makasih loh ngebuka chanel tv jadi betah rebahan akutu dirumah,1
383,nnton la lorona thnkyou open all channel,1
384,indihome promo kebuka channel ya,1
385,channel hd gratis ni sampe tanggal,1
386,blm dibalas yaa,0
387,upgradenya gmn gan coba lewat aplikasi,0
388,tumben lemot banget kenceng dah,0
389,tolong nskripsi terhambat,0
390,terima kasih karna respon cepat semoga interne rumah upgrade c,1
391,ditunggu ya,1
392,terimakasih channel premiumnya digratisin sampe maret,1
393,tanya palet indihome biaya pasang untuk bekasi ya,1
394,seru lg klo bs streaming netflix,1
395,tks infonya bgmn cara daftar paket learning from home opsi langganan,1
396,tp makasi ya chanel free slama corona ya gak shock buka yutub skalinya mo nonton tv ehh,1
397,td teknisi,1
398,sore untuk pendaftaran pelanggan baru paket kerjasama dg taspen berlaku,1
399,benerin kabel pelanggan tiba tiba internet mati dipanggil memperbaiki terus tukangnha bilang,0
400,terimakasih,1
401,bertanggung jawab,0
402,sdh normal kembali kak tq,1
403,okkkkk makasiiihh,1
404,sobat indihome ikuti tips bikin kegiatan seru rumah berikut yuk nonton film,1
405,makasih kyna sehat yaa,1
406,oke kak teirma kasih infonya ya lanjutannya,1
407,haloo terima kasih responnya ya,1
409,dilakukan,1
410,ashiaapp makasih kak nugie,1
411,iputra makasih ya kak maudi xef xb,1
412,jadi salting reply ama indihome,1
413,mantab,1
414,baik tunggu balasan dmnya,1
415,oke sippp skrng uda ga knp xc xb ko xixixixi,1
416,terimakasih amp teknisi kendala modem diganti teknisinya thanks,1
417,benerin sm mas mas indihome nya makasih c xb,1
418,terima kasih mengizinkan akses channel dg xbb kaya gini jad,1
419,indohome lemot bgt ya baru dibayar loh kemaren mohon info,0
420,internet gangguan nih jam tolong dibenerin soalnya malem mingguan dirumah,0
421,berat beban lu pak foto nisinya komplen akun nmana semenjak b,0
422,skrg koneksi sayanga bsa buka website tp hp nih,0
423,gw seminggu udh lapor ga hasil,0
424,dibenerin bosss bentuk pertanggungjawaban seminggu akses in,0
425,halo mbak mas coba youtube lewat indihome videonya ga bs muter ya muncul barcode utk discan,0
426,ternyata dibuka kawan all channel free terimakasih untuk negeri ai,1
427,ternyata dibuka kawan all channel free terimakasih untuk negeri ai,0
428,maaf tanya koneksi internet akses ya,0
429,lf jawab,0
430,admin indihome rumah bermasalah indikator los bya kedip kedip merah terus,0
431,selasa bayar statusnya bayar sampe engga selesai permasalahannya,0
432,mna nya om,0
433,lanjut pake tanda tanya biar dibales,0
434,update perbaikan jaringan omong kalo jaringan down dpt kompensasi gak sih potongan iur,0
435,nskarang pakai mbps nklo upgrade mpbs tagihanya jadi,0
436,komplen kaga dibales kalo dah mentok customer service front liner ya difollow up bagian,0
437,siapp,1
438,hai kak fanny maaf ya jadi ga nyaman makasih atas feedback diberikan t,1
439,siang tanya soal progres pemasangan tiang rumah kemarin pasang tiang terde,0
440,terimakasi indihome,1
441,wifi internetnya lampu kedap kedip berwarna merah,0
442,gratisin channel ya,1
443,alhamdulillah udh terima kasih indihome,1
444,tolong buka blokir netflix masa darurat corona ikutlah berkontribusi menyukseskan work from home tks,1
445,kembali normal terimakasih atas perhatiannya,1
446,terima kasih atas sarannya,1
447,oke kak kalo kendala udah normal lgi,1
448,terimakasih durasi buka all channel dikit ya perpanjang,1
449,iya terima kasih kak nugie,1
450,selese penjelasan thx,1
451,udahh bsa kak btw kak knp ga dikasih tau semalam,1
452,gamau ngebuka netflix nih lumayan nih wfh biar kegiatan,1
453,udah bagus kak makasih,1
454,ternyata kabelnya putus siang lg dibetulin alhamdulillah udh thanks bgt ya responnya,1
455,siap mas makasih,1
456,ta useetv open all channel sampe tanggal,1
457,oke baik meluncur,1
458,klo biayanya aplikasi my indihome,1
459,waah baru tau siang nindihome dibuka akses channel berguna kaya gini nthank you,1
460,terimakasih memfreekan chanel mu utk membuat orang tetap stay rumah terimakasih berparti,1
462,channel buka yah free or berbayar ni,1
463,hai sobat indihome tau pemakaian internet telepon aplikasi myindihome ncoba,1
464,menikmati hidup hiburan hiburan berkualitas bebas nonton talk show film serial realit,1
465,masalah jaringan indihome,0
466,bantu wifi gangguan nyala lampu warna merah modem nya,0
467,semangat om,1
468,okey coba stb nya tp blm dipasang,1
470,ditunggu,1
471,siyap deknovi salam terima kasih indihome kerja hebat nkalo deknovi kerja dimana rumah ato,1
472,oke makasih saran nya bermanfaat,1
473,thank u anak bsa kbm online drmh a,1
474,berbuat baik plis situasi,1
475,bencana gini cobalah channel dibuka gratis selamat rumah drpd nonton p,1
476,terimakasih atas respon cepatnya xb,1
477,berhasil menemukan nomer kontak pelanggan datanya menggunakan data chat,1
478,hub dapet gratis mendaftar penambahan speed bonus kalo menambah speed gratis bln,1
479,jaringan kenek corona,0
480,ternyata dibuka kawan all channel free terimakasih untuk neger,1
481,alhamdulillah,1
482,udah open allchannel om cabut kabel nya nyalain,1
483,gimana responnya lambat ya,0
484,internet ga dipake modem lampu merah bagian pon tolong dibantu yaa makasih,0
485,oke terimakasih steven,1
486,gratis setengah bulan doang kagak biaya tambahan,1
487,terima kasih gak diperpanjang promonya butuh hiburan rumah,1
488,ga bayar shopee kena denda bntr lg internet matiin,0
489,oke hari pengen bayar tagihan hari kena denda ga indihom,0
490,kak indihome mengalami los lampu merah menyala kedip mohon diperbaiki kak,0
491,penakaian mbak internet gag dipakai,0
492,pagi jaringan internet offline no pelanggan mohon untuk diperiksa diperba,0
493,internet mati tolong respon ga balesan,0
494,belajar online seru indihome learning from home koneksi internet up to mbps gratis,1
495,terima kasih,1
496,biaya perbulannya quota jd brp,1
497,lampu losnya nyala wifi gabisa dipake,0
498,buka blokir netflix doong,1
499,tunggu,1
500,mohon restart jaringan stabil,0
501,jaringan stabil,0
502,udeh,1
503,troll dongggggg,1
504,balas mohon ditanggapi,1
505,selamat malam maaf ganggu modem indihome dirumah lampu los nya kelap kelip warna merah,0
506,gini channelnya dibuka,1
507,iya mba xan semoga besok besok responnya cepet ya mbaaa,1
508,tolong sinyal wifinya suka tiba ngilang ya capek klo tiba ssid wms ilang pas dipake,0
509,jaringan indihome jam malam nge lag jaringannya,0
510,siap terimakasih,1
511,gk jdiiii maaf ternyata dah dibukaaa heheheh maaff gapernah nnton tv nntonnya teruss belajar,1
512,uda,1
513,coba aja tunggu kmrn waktu layanan indihome all access libur natal,1
514,udah jam gk bs konek inet neh udah twit telkom care gk jwban sampe,0
515,jaringan tuh perkenceng udah tau orang bete wfh aja dilemot lemotin jaringan solusi nya restart mulu,0
516,si ngeleg mulu dikira kerjaan ga,0
517,nih internet lemot toko kecewa dirumah bolak balik plasa telk,0
518,balas sih,0
519,cara aktifin nya gimana terus beneran bebas biaya tambahan,0
520,gakan jawab bang takut kena maki costumer penting mah,0
521,sarannya mulu dri tahun ga tuntas jringan indihome emng,0
522,daftar paket mbps tp speed nya segini pantes lelet gimana tanggapannya,0
523,kalo upgrade mbps paket normal mbps ntar bayarnya jadi ikut,0
524,internetnya ngacok banget ya kesini,0
525,tolomg reset sistemnya ya cekdm pliss,0
526,udah jam lampau iiiihhhhh,0
527,change wifi aja bak indihome emg uda ga bersahabat kl ngegame pepek,0
528,tetep lemot,0
529,kirain aing aja ngerasain indihomo lg sucks,0
530,normal sore petugas lapangan indi datang langsung jg terimakasih atas pelayanannya,1
531,perbulan bayar jadinya kalo upgrade mbps,1
532,terima kasih untuk doanya,1
533,sobat terima kasih atas doa nya semoga kakak sehat berikan umur panjang dion,1
534,ga upgrade sih tiba all access salah satu cara indihom,1
535,gratis biaya bulan maret selanjutnya ya tau bayar mbps hati gak balik mbps,1
537,mantap bgt open all ch sialnya inet loss tgl tiket gak jelas telp smp pulsa habis agentny,1
538,mati,0
539,ih cinta deh indihome,1
540,iya kembali normal terimakasih,1
541,hujan ko lambat banget sih,0
542,kemaren lusa gangguan eh gangguan daerah kalitengah tanggulangin sidoarjo,0
543,internetnya ga akses ya,0
544,internet lemot nih,0
545,koneksi down tolong baca,0
546,tambahan connect aja gabisa,0
547,hari pertama rp alias free selanjutnya ya sesuai harga paket,0
548,halo minn indihome tiba matiii jam segini tumben bayarrr kemarinn tu,0
549,aja,1
550,maklum tgl,0
551,hi daerah cicadas bandung gangguan ya ko eestart berkali msih tetep aja ga jalan,0
552,tolong internetnya dibenerin ya mo dipake ujian sekolah online nih,0
553,open all channel tvnya mendukung gerakan,1
554,gak ikutan free all channel nih periode,1
555,gmna caranya syarat ketemtuan nya,1
556,cuman bilang makasih layanan all access gatau sampe cuman b,1
557,teknisi tetap bekerja untuk memastikan layanan indihome optimal sobat nyuk dukung pemerintah,1
558,kak makasih informasinya,1
559,pake paket internet tv kabel telefon pindah telefon internet aja kak,1
560,gimana caranya,1
561,ditangani petugas indiehome ternyata kabelnya copot ketiup angin jadi,1
562,oi ka tweet gua jam belom reply belom dibales tolong respon,0
563,ditunggu yaak trims,1
564,sumpah ih baru bayar lemotnya keterlaluan ga nyampe mbps gimana ni,0
565,jebakan betmen hiraukan,0
568,gmn mas udh ko g ad respon,0
569,barusan apgreed kecepatan internet blm ganti kecepatan mbps ya,0
570,ga rencana buka akses netflix nih,0
571,woi tiba pembayaran internet content,0
572,diatas maret balik ga jadi kecepatan punya,0
573,halo ya thanks,0
574,work from home mimpi disuruh mendayung jakarta singapur tp dikasih gayung unt,0
575,restart udah bayar udah baru pisan lemoootttt iyah speedtest turunnn drastisssss kecepatan paketttt,0
576,capek w lg ga kemana tp u lemot bgt,0
577,wifi indihome lampu internetnya mati nih trs pas udah nyala lemot udah kemaren,0
580,betul bgt,0
581,mohon dicek,0
582,heh gada akhlak ya,0
583,gue maen game online aja ga kecepatan dah naik mbps ounya mbps,0
584,halo internet rumah alami ketidakstabilan kadang connect engga buffer kece,0
585,wifi lemot bgt,0
586,bantu tag a,0
587,liendh ku tydac menemukan nama kontak wa mu grup yun,0
588,rto nya parah ane pus rank jadi emosian lag terus,0
589,gatau ni ccd,0
590,untuk indihome nomor telpon rumah gaada perubahan nih refresh sis,0
591,gue ga main game woiii elek banget jaringan,0
592,gamau bukain netflix,1
593,untuk berlangganan mbps yah free upgrade bandwidth,1
594,jaringan lu deh ngelag banget,0
595,internet tempat ga jadi sih untuk bulan melakukan pembayar,0
596,bro tolong masa stream p doang aja buffer,0
597,gamau bukain netflix,0
598,udah lancar makasih loh minn,1
599,internetnya lambat,0
600,kemaren jaringan lelet terus ya,0
601,internetnya lemot perlu ganti jaringan,0
602,mendukung program wfh work from home social distance pemutusan indihome,0
603,gagal log in tv tlong dibantu y bang,0
604,cara upgradenya aplikasi,1
605,oke barusan normal semoga besok gangguan,1
606,punten,0
607,darma tp skrg gw udh bayar trs wkwkw,0
608,please,0
609,kemaren gabisa kepake internetnya kekamar aja ga nyampe aneh bgt dah,0
610,tolong refresh jaringan pusat ga internet mati lg udah dimatiin terus dicabut ka,0
611,disaksikan dunia streaming berbagai media online secara live atlet indonesia ngelag mempere,0
612,cara mencari tau nomor internet nya,0
613,al best employee mah gitu euy low profile,0
614,halah langganan mbps aja kl malem dapetnya dibawah mbps ga usah sok promo kl pelanggan aja masi dikecewakan,0
615,internet udah seminggu lelet terus ya sampe buka gambar aja setaun,0
616,maksudnya gratis nih cara mengaktifkan nmau coba upgrade dri mbps mbps tpi b,1
617,gila gak sih komplain ga dibaca mesti komplain kesini,0
618,lemot mulu nih malem jam sih,0
619,gimana cara updatenya free mbps,1
620,mesti speed mbps diberikan gratis muali maret pelangganan maret ba,1
621,udah jam segini lemot paraaaahh,0
622,dibuka gak,0
624,baca dmnya udah jam gk akses internet indihomenya,0
625,alah ngibul kemaren blm perubahan katanya tambah kcptn mbps hny nambah rb,0
626,coba pake,0
627,perbaikan mele knpa perbaikannya baru sore hari pagi ya,0
628,teknisi salles nya ga tanggung jawab bgt xadlagi syg nya eh konslet kabel nya belom sebulan in,0
629,malem nsaya berhenti berlangganan indihome pindah kota nharus plaza telkom online,0
630,pembayaran lazada gabisa ya gangguan mulu saran bayar tagihan app nih,0
632,restart kokm engga koneksi yaa,0
633,sinyalnya kemana dirumah butuh xb,0
634,add on gimana kelanjutannya aktif aja,0
635,mending mampusin aja pegang akun sekelas bumn kayak gini pelayanan nya pantes mentri b,0
636,lg lemot yaa sinyal nya,0
637,lamaaaaa udah drtddddddddd cipitin mbikkkkk miiisss,0
638,ga potongan tagihan bulan,0
639,kalo gabisa kasih kualitas gausah sok an naikin hargalah tot,0
640,alhamdulillah ga soalnya jaringan tempat los maret perbaikan massal kata,0
641,verifikasi gagal dah konek wifi indihome mohon bantuannya,0
642,bales,0
643,tetep aja ga bsa verifikasi akun,0
644,kebiasaan dahhh bgt kek gini skrg,0
645,nginstall poe teu beres beres bro internet bubuk,0
646,al guna lu sih bon,0
647,malam,0
648,udah jam,0
649,nggak stabil udah dua hari,0
650,kak nsaya ga berhenti add on,0
651,tengkyu mas kudu gausa otak atik deg paketnya,0
652,bales ganteeeng udah mati hari nih oii,0
653,mikum atuh la,0
654,nudah hari kykk gini,0
655,aliakbar setau sih kalo masnya skrg langganan mbps jalan terus asal ga gonta ga,0
656,siap kakak bantu operator terimakasih c c xef xb xaa,1
657,keluhan,0
658,bantuin jwb nya gabisa dipake searching ni jdnya hrs tethering sm mak,0
659,terimakasih indihome atas gangguannya hari selesai selesai katanya hari selesai tap,0
660,tayangan tv indihome macet ya,0
661,gratis all channel,1
662,periode selesai cas biaya lg ndakkkk,1
663,thanks udah kasih free all channel maret,1
664,kak jam,1
665,udah aplikasi ga link,1
666,gimana uda lapor kemarin internet rusak perbaikan,0
667,pasang gimana cara nya,1
668,karna sifat upgrade permanen,1
669,hari gangguan besok kembalikan perangkat nya aja membayar full tagihan bulan full terima kasih,0
670,gimana mendukung wfh internet hari terputus digunakan,0
671,respond ane ga baca,0
672,jadi otak atik,0
673,tolong baca kak,0
674,lemot si jauh fup,0
675,terimakasih nterima kasih,1
676,woi indihome hari jaringan gw lemot terus nping tinggi rto gimana si,0
677,caranya gimana terus masa promonya abis bayarnya ttp speed awalkan y,1
678,wfh terganggu internet tiba mati bgmn ya,0
679,halo halo ya udah restart router thanks,0
680,terima kasih open all channel minggu aja lebihin masalah,1
681,bulan free menurunkan kecepatan kembali,1
682,otomatis mesti lewat app my indihome,1
683,woyyy lemot banget,0
684,bro thanku bro,1
685,blm langgangan langganan tp nanya nanya,1
687,lemot kak fup lemot kaliiiiiiii,0
688,ditanggapin,0
689,ujung ujungnya bayar nih,0
690,thx udh open all channel tolong sbs in balikin,1
691,mantap mantap netflix,1
692,terimakasih untuk open cenel tv masa,1
694,gini mulu siang no internet terus,0
695,om cikarang utara pasang indihome katanya gedung telkom disana nutup sampe batas waktu y,0
696,maksudnya bebas gratis nih,1
697,paket play untuk kec dau kab malang tersedia,1
698,bayar gak,1
699,untuk menjaga masyarakat tetap betah rumah telkom ngebuka channel maret yeaaay,1
700,open all channel to biar tambah pahalanya,1
701,caranya gimana miiin,1
702,caranya gimana upgrade mbps mbps napakah iuaran bulanan mengalami kenaikan,1
703,al gue lancar jrin cuman,1
704,chanel nya dibuka ya,1
705,sudahh kakk thank you,1
706,reevaldi ujan jadi gangguan gini tolong butuh internet,0
708,blm menerima balasan,0
709,jinak duh jadi worry pake indihome xb,0
710,halo gimana udah seminggu nihh,0
711,dilakukan tetep gak bs dicoba sdh tp gak dibales,0
712,kacau udah daftar teknisi kunjung datang,0
713,bs,1
714,lgi promo free all channel kah,1
715,kabeh channel kabuka nya geus diimah we lalajo,1
716,ti wengi a meh betah rumah,1
717,alhamdulillah pelayanan petugas lapangan luar banget dipandu langsung konek seketi,1
718,terima kasih teknisi sdh dtg memperbaiki jam sore td amp sdh berfungsi kembali,1
722,ga,0
723,oke terima kasih,1
724,makasih kak,1
725,hallo ka nanya pake paket indihome nyambung sm telfon tv interaktif tp ngga a,1
726,thanks infonya coba posisi kota kediri buka full akses,1
727,selamat sore bapak gede nomor terdaftar divisi perumahan untuk detail k,0
728,respon,0
729,halo lapor gangguan internet mohon,0
730,thank you sdh open all channel untuk hari,1
731,menanti membuka,1
732,bayar kantor pos lancar,1
733,halooo kalo berlangganan gimana caranya yaaaa,1
735,gamau buka blokir netflix kesejahteraan lockdown,1
736,makasi jd betah dirumah tp kmrn jg betah sih tp skrg betah,1
737,berhenti langganan gimana caranya,0
738,berhenti langganan online ga,0
739,harga pasang paket indihome brp ya skrg,1
740,oke ditunggu respon nya,1
741,komplain hari nih masalah add on tv unsubscribe tgl februari tagi,0
742,gass po wes ditekani tp jarene port entek dd kudu nunggu pudat nggo distribusike,0
743,sinyal nya jelek bgt ya nomer internet,0
745,akbar recommended emang masalahnya udah deposit gua indihome gua minta balik deh,0
746,internet trouble mulu ya mahalnya doang,0
747,kerad nih,0
748,oke makasih ya,1
749,internetnya game online kemarin lag terus,0
750,ya ampun indihome kenape sih please deh xba,0
751,ok mbak trims,1
752,cipulir hujan wifi speedy macet nih udah berkali cabut pasang,0
753,udah thank you,1
754,ditangani thx gercep c,1
755,waaa terbaik makasi indihome xba,1
756,lemot wifi,0
757,permisi admin tanya indihome sdh hari los hari terpantau online pus,0
758,ya,0
759,terima kasih rekan atas informasinya selanjutnya respon bersangkutan selamat bekerja kembali bianca,1
760,nmohon bantuannya internet los nsudah coba restart matikan menit coba cabut kabe,0
761,udah kakaaaa trimakasi a,1
762,tolong indikator internetnya mati nih,0
763,nga seru ah indihome,0
764,normal,1
765,makasi inetnya digunakan kembali,1
766,thank you membuka channel utk menemani liburan,1
767,layanan internet indihome area yogyakarta bermasalah nini jam ga koneksi internet,0
768,mohon konfirmasinya mengenai,0
769,halo sobat indi internetmu kongslet terus,0
770,halo indihome hana konfirmasi th melakukan pemutusan layanan ind,0
771,bales gih gak kekantor terdekat soalnya,0
772,alhamdulillah aktif terimakasih atas responnya,1
773,terima kasih admin nugie perhatian ntp udah bener skrng indihome mantap deh,1
774,menikmati thanks again,1
775,suwun banget,1
776,terimakasih membuka all channels untuk masyarakat indonesia indihome xb,1
777,ehem baek betul ngebukain channel,1
778,iya udah nih makasihh,1
779,thanks to skarang channel bs ditonton xb,1
780,hai kak ikhsan mengenai informasi moodah silakan infokan nomor t,1
781,normal kek gini,0
782,halo tdk login stb useetv mohon dibantu,0
783,nomor layanan digunakan untuk daftar internet,0
784,tolong bantu lampu los wifi merah jam help me please,0
785,mohon keluhan belom diberi solusi,0
786,channel tvn nya ga jadwal hilang tayang,0
787,no internet ngeceknya gimana,0
788,aww terimakasih jadi enak rebahannya,1
789,halo chanel tv drumah kebuka smua berbayar emang dbuka kayak situs ihik xc xb mengg,1
790,udh enakan bg,1
791,skrg promo all chanel brp hari,1
792,paket layanan learning from home dipasang manapun kawasan,1
793,iya aktif fix hari ya udah jatuh tempo tanggal segini,1
794,ok amin nanyway udah aman thanks kasih gratisan ch nys,1
795,sampah sih suru secara berkala baca ga coba melalukan pembayaran h,0
796,tolong moon maaf sinyal ku jelek bgt bayar tepat waktu buka ig youtube aja susah udah sebulanan kek gini,0
797,terima kasih menikmati tontonan channel dibuka gratis tis yay,1
798,kalo penambahan kabel biayanya ya,1
799,thank you membuka channel masyarakat ga gabut rumah,1
800,free all channel ya krn channel terbuka rangka,1
801,free all channel ya krn channel terbuka rangka,0
802,terima kasih membuka channel tv kabel that really makes my quarantined day,1
803,terima kasih membuka channel tv kabel that really makes my quarantined day,0
804,lampu los kedip kedip merah nih tinggal baca trus bales thx,0
805,spam baru dibales ya,0
806,indihome lambat bgt kemarin sore butuh bgt koneksi koneksi down sampe kb s,0
807,oke saran ditampung pak,1
808,makasih loh,1
809,b amp modar inet a pagi ene,0
810,tolong unblock netflix plissss gatau ngapain,0
811,warnet disuruh buka stngh hari slm minggu gmn ni,0
812,memuji ah ndia buka channel untuk wfh ya makasih ya,1
813,semoga allah swt memberikan kesehatan kekuatan terima kasih,1
814,hari mati,0
815,pagi kak jaringan tagihan udah dibayar tp internet mati terus,0
816,halo bertanya soal pemutusan pemasangan kembali karna pindah rumah,0
818,chanel tv kebuka,1
819,tolong baca jaringan dirumahku ambyaaaaarrrrr,0
820,semangat ya petugas indihome akses internet sgt butuhkan salah satunya utk update informas,1
821,halo berlangganan indihome dual pay internet telepon menggunakan layanan te,1
822,hallo netflix ga dibuka sampe,0
823,halo berlangganan indihome dual pay internet telepon menggunakan layanan te,0
824,indihome gangguan lampu los kedip kedip merah udah cabut kabel menit sesuai saran cs minta tekni,0
825,mohon baca,0
826,nih internet,0
827,gw sore loh laporan gangguan sampe td coba mekdi wifi nya msh aja gabisa bikin laporan,0
828,id pelanggan ko gk jalan internetnya hidup mati hidup mati ind,0
829,coba kondisikan cepat tanggap keadaan genting,0
830,oke kak terimakasih kak bantuannya,1
831,yooooiiiii kenceng tolong dikebutinn ya,1
832,terimakasih kak atas infonya a,1
833,terimakasih atas jasa keberanian semoga diberi rezeki berlimpah terus tetap semang,1
834,udah engga ko,1
835,ga kak trims,1
836,luar terima kasih ngbu,1
837,walopun mehong alhamdulillah jaringan stabil banget,1
838,iqbalfadillah udah bal,1
839,pahlawan pd kerja rumah mengandalkan koneksi internet,1
840,semangaaaaat kakak teknisi mimin indihome lupa jaga kebersihannya waktu kerja semoga k,1
841,semangat kakak kakak indihome guna mendukung kegiatan wfh dirumah internet lancar kerjaan kelaarrrr xbe xbe xbe,1
842,keren sehat ya kaka kaka indihome semoga kerja berkah,1
843,nuhun pisan memberikan kenyamanan untuk akses internet dirumah bikin wfh ashooooy ad,1
844,buka blokir netflix nya,1
845,maksudnya cantik,1
846,makasih ya setia berlangganan telkomsel dafa,1
847,kondisi skrg memberikan hiburan masyarakat dgn membuka saluran nya masyar,0
848,dicuekin nih kak berasa curhat tembok internet off nih daerah pamulang magrib ta,0
849,udah seminggu internetnya putus lemot diandalkan,0
850,jam inet mokaddd info udah gak respon,0
851,jam respon matikan tombol powernya dinyalakan tetep losto,0
852,halo kpn memperbaiki kualitas internet hari buruk udh sabar tetep aja,0
853,mimin tolong tanggali keluahan nomor laporan in dah tolong tanggapannya banya,0
854,jam ndak kabar jam internet mati cuan hilangg dehh,0
855,besar gan packet loss nya xba,0
856,nih lemottt,0
857,id koneksi internet hari loyonya sehari putus tetap lambat kaya respon mimin,0
858,id lemot tiada tara koneksi naik turun kadang tiba hilang no internet access seha,0
859,update mb aja jam sampah bgt sih,0
860,sih nih udh bayar tp kemarin lemott bangettttt tolongggg respooonnnn terima kasihhhh baaaanyyaaaakkk,0
861,inet nya hilang nih tolong yah please kerja neh urgent,0
862,selamat malam pukul terjadi hilang signal tempat seletah hujan petir jg sidn,0
863,seharian indihome rumah gk dipakai,0
864,blom coba yaaa,0
866,colokan kabel router indihome slot ya makasih,0
867,telat benci,0
868,halo nsya coba matikan stb ntapi sya nyalakan nsya inbox no hape aktif sya,0
869,udah bayar mati internet email cs blm bales ga respon gmn nih,0
870,respon ahhh kalo,0
871,parahh nih skrg jaringan nya,0
872,nih bayarnya harga mbps tp dptnya mbps malam jam dipake game online lag akses vps sg,0
873,semangat kakak kakak indihome pelanggan tetap dilayani ditengah merabahnya virus corona,1
874,okok,1
875,ah main game aj masi nge loss,0
876,sampaikan keluhan mengenai jaringan stabil drop berubah ubah,0
877,lelet nih lelet refresh,0
878,jaringan lu sampah banget gabisa nonton netflix,0
879,oke makasih admin coba,1
880,dicek teknisi katanya rusak diganti baru tp ga kunjung dtg orangnya cm,0
881,kaliaaaaann luaarr biasaaaa smngaat trusss kakak kakak indihome jaga kesehataan yaah,1
882,terhormat nmau kualitas internet katanya mbps gak terasa nya berlang,0
883,syukurlaaahh gak kebayang kalo koneksi indihome gak jagainn udahlah lockdown trus inet mati,1
884,semangat terus untuk kelancaran wfh good job indihome,1
885,hi indihome sedari kedip merah digunakan terima kasih,0
886,iseng coba downlagi nih kali file kecepatannya segini aja nih,0
887,tolong udah sore ni gangguan,0
888,masa bayar k katanya kecepatan mbps nyatanya mbps nih,0
889,tolong tagihan tiba berubah jd nama orang laen bbrp bln yl wifi dbobol,0
890,agan indihome tolong inetnya dota lag pingnya gathan,0
891,yah mas dinaikin mbps megap megap bayar nya make serumah bayar sebatang kara,0
892,indihome anggak visa digunakan lampu merah lost berkedip jaringan internet,0
893,udh bener k sinyal nya,1
895,udh bener k sinyal nya td pas ujan ilng an udh kek tinggal goa,0
896,baik kak mengenai keluhan beserta nomor internet nomor dihubungi,0
897,lemot bgt mbak,0
898,tpt ngadat nih ga connect internet lampu pd router berwarna merah,0
899,mohon dibalas email viera,0
900,covid jaringan indihome lambat banget,0
901,telat telp normal terima kasih semangat kerjanya,1
902,terkendali,1
903,ok kak langsung lancar nih nonton cloynya xb xb,1
904,teknisi kerja jalan internet gak jalan,1
906,update kabel fiber gak,1
907,teknisi kerja jalan internet gak jalan,0
908,msh kga connect inetnya,0
909,mantab langsung bales,1
910,woe internet mu sih nping tinggi koneksi gak provider mongaek ninternal mu masalah po,0
911,gamau berbaik hati unblokir netflix wabah covid menyerang gitu,1
912,ya,1
913,kualitas turun persen nih,0
914,barusan w main mobile legend tau tau ping nya,0
915,makasih admin kembali normal lemot,1
916,oke mba xanny,1
935,koneksi lg erott ya,0
936,semangat semoga sehat untuk teknisi sales force amp temen xba xef xb c,1
937,jaringan lemot bgt ya,0
938,tolong banget knp internet hujan bermasalah terussss tugas numpuk xb xef xb,0
939,wes coba pateni terus uripi coba laporan via call za,0
940,refresh jaringan gimana aja gini xbb xef xb,0
941,nyamannya nonton catchplay yh mandek mandek menit jd berharap provider fibe,1
942,sinyal wifiku jeleeeeek hari tolonggggg,0
943,no id nyala tolong dibantu ya,0
944,indihome gamau bukain channel nih useetv,1
945,thx ya kali ngasih pemberitahuan,1
946,selamat malam mimin internetnya kacau rto terus pelanggan,0
947,tolong diperluas jangkauannya temenku bojong kasian,1
948,pengajuan pemasangan indihome kata sales nya teknisi libur udh minggu,1
949,tolong diperluas jangkauannya temenku bojong kasian,0
950,pengajuan pemasangan indihome kata sales nya teknisi libur udh minggu,0
951,faxxghif bener pisan jelek kalo komplain nyalahin paketnya jelek mas coba beli yng,0
952,halo koneksinya parah bet ya download gb dah gagal,0
953,berhenti langganan indihome bs dibantu,0
954,tolong dibantu ya solusi nya gimana hari terakhir performa koneksiny konsisten,0
955,tolong direspon keluhan,0
956,halo wifi no internet bsa berfungsi ya,0
962,dear wfh gini ya bersahabat signalnya jgn cacad gini ngapa xc xb in jd susah xb,0
963,internetnya sebulan terakhir rumah naik turun ya tp tetangga lancar lancar aja dengn provider,0
964,gangguan mulu,0
965,wifi ngelag kak,0
966,internet wifi udah seminggu lemot banget kali nelfon dibilangnya jaringan normal gimana si,0
967,respon no layanan wifi lambat tolong restart pusat,0
968,jringan indihome lgi brmalah ya knpa jringan intrnet putus,0
969,atuh tolong woi disuruh keluar rumah jaringan nya lemot bikin org ga betah dirumah,0
970,poin myindihone gak,0
971,method coba ngapain kesini kalo smmethodnya,0
972,bos servermu kena pengaruh corona,0
973,terima kasih indihome,1
975,restart kak tiba ping melonjak,0
976,udah restart modem gimana maksudnya,0
977,bener aja pasang mbps dpt segini main game ngelag streaming buffering becus napa ngurus perusah,0
979,secepatnya tuh xac xac xac xac,0
980,gangguan kah area bandar lampung kecamatan rajabasa sumpah upload giga doang google drive da,0
981,tolong siang koneksi internet,0
983,tolong tanggapi keluhan,0
984,gangguannya wehh rugi mamank,0
985,sidoarjo pake jg cepet lbh murah aja pake indihome gr provider ga,0
986,tolong balas message ya terima kasih,0
987,cara hooq hybrid tv nikmati smartphone,1
988,diinfokan via terimakasih,1
989,mahal buk mending wifi rb puas streaming download sepuasnya berkat btw unblock,1
991,ud jam ga dibales gmn ya,0
992,kayaknya yaa hallo,0
994,bos jaringan inet ga konek pdhal udah restart modem cabut kabel yng biru,0
995,denda pemutusan th kualitas nya issue cs replay pake,0
996,uwuwuwuu makasii mass a a,0
997,gua ga lemot ya,0
998,wifi tv dirumah ogut gak konek jaringannya los nayolah udah,0
999,disaat disuruh kuliah online kerja dirumah internet tv gangguan terus ya,0
1000,punya isp ampas yak kaga main overwatch ping gateway gede banget,0
1001,senang banget ya gangguan dirumah pekan,0
1002,koneksi benerin error mulu,0
1003,dear ngini sore orang teknisi narik kabel customer baru berlangganan nt,0
1004,baik ditunggu kabar selanjutnya makasih,1
1005,tolong indihome internet nya putus putus layanannya jelek,0
1006,tolong terima kasih,0
1007,parah banget ga dicek komplenan gue ck,0
1008,tolong internet lambat ping tinggi stabil perbaiki layanan sampah internet indohome,0
1009,kak dyluv mohon maaf atas ketidak nyamanan nya perihal kendala nya alnov bantu buatkan laporan y,0
1010,knp ya wifinya jg jd gabisaa,0
1011,aminyaallah terimakasih sobat jajanquuu,1
1012,alhamdulilah semoga lancar terus yaah,1
1013,o nsiap,1
1014,buka channel indihome biar pas rumah gk bosan libur,1
1015,gimana udah bener lum daerah soalnya daerah rumah bagus ki jaringannya,0
1016,nanya kalo pasang baru indihome paket gamer request untuk aktifkan layanan wifi id,1
1017,okeh odang salam otong,1
1018,nselanjutnya untuk mendapatkan akun wifi id nya,1
1019,internet gk jalan wifi terhubung ndi hubungin gk respon nbngsd work from hom,0
1020,hallo ka menanyakan unlimited gak ya biaya penambahan kira kira,1
1021,trima kasih inet dipake,1
1022,gangguankah,0
1023,yaudah,1
1024,sore ka hmm jenis paketnya aja ya,1
1025,terimaksi responnya oh iya kalo solusi kah coba,1
1026,kak katanya paket promo indihome tuh,1
1027,mbak terima kasih,1
1028,diatasi terima kasih atas bantuannya,1
1029,langkah bayar tagihan indihome m banking log in aplikasi m banking pilih payment pilih pembaya,1
1030,bener kak trm ksh,1
1031,admin makasih direspon lt,1
1032,alhamdulilah,1
1033,selamat siang layanan internet pindah alamat,1
1034,halloo udah jam gk pleaselah,0
1035,tambahan fup gb omong kosong koneksi internet udah mati jam gak solusi,0
1036,hallo bantu respon keluhan kemarin tanggapannya,0
1037,kata masalah silakan dikirim keluhan lewat gak dibales,0
1038,jinak pake citranet aja kak banya promo bulan,0
1039,dear baiknya bersuara laporan tab mention isinya lapor,0
1044,mbak mas capek lho komplain mulu kalo ganti internet busuk,0
1045,verifikasi akun terkendala invalid parameter ya,0
1046,ya mengakses netflix mohon dibalas kak nya dibaca doang,0
1047,iya digunakan kembali terimakasih,1
1049,ya kak terimakasih,1
1051,kakak katanya paket promo indihome tuh,1
1052,terima kasih ya direspon,1
1053,hallo indihome paket internet unlimited,1
1054,niat berbaik hati unlock program movies untuk mendukung kah ncc pak,1
1055,sudh diperbaiki kk thx,1
1056,haii cara penggunaan data perharinya gmn ya,1
1057,selamat pagi cara ubah langganan paket indihome,1
1058,dibalas kemarin melapor,1
1059,thanks wifinya dah love u,1
1060,baik terima kasih atas informasinya tari,1
1061,syarat untuk pemasangan indihome ya,1
1062,gimana cara menonaktifkan layanan,1
1063,thank u inet kembali menyala,1
1064,tayangan live tv nya gak yaa ndari kemaren lhooo cm layar hitam gelap nmohon kerja nya makasiih,0
1065,sih semalem internetnya ga nyala,0
1066,iya terimakasih,1
1067,halo selamat pagi tanya tagihan internet bulan naik mulu,0
1068,iya kak hendrikus kendala pertanyaan mengenai layanan indihome silakan hubungi kembali y,0
1069,nih indihome ayodong buka channel kaya laen mumpung isolate,1
1070,udah normal,1
1071,area banyuwangi gangguan kah ga koneksi internet modem tulisannya gini,0
1072,udah minggu gak stabil sinyal full nggak jalan internetnya nada,0
1073,internet dirumah gabisa hari pas nelpon cs nya katanya lg gangguan selesai sore,0
1074,ok mksh,1
1075,afriantii pekanbaru down mbak,0
1076,layanan indihome tempat lenteng agung mati gangguan kah,0
1077,cara berganti paket internet gmn ganti p menjadi p tks,1
1078,sdh diinfokan lwt smpe skrg status msh progres smpe diperbaiki,1
1079,trmksh infonya lakukan sarannya tp blm perubahan msh los besok lapor plaza telko,1
1080,sore udah dateng operator lapangannya kerumah internet,1
1081,makasih kak sdh teratasi mksh byk,1
1082,kecewa jaringan internet rumah sdh hari diakses sdh nelp sampe,0
1084,udh dipasang nih heheeee lewat marketingnya langsung ternyata wa cepet pagi wa siangnya dateng teknisi,1
1085,oke tengkyu,1
1086,kecewa berat sm,0
1087,heh lemot,0
1089,baik terimakasih kak,1
1090,nikmati wfh do,1
1091,internetan ka udh ga berlangganan indihome gmna ya,1
1092,makasih infonya coba unk lakukan,1
1093,td mlm tp sore down,1
1094,terimakasih bantuannya,1
1095,misi nanya promo paket mbps bulan harga ribu,1
1097,makasih ya udah tersambung koneksi nya,1
1098,baik nyil,1
1099,sdh mksh,1
1100,baik tunggu,1
1101,udh kak btw aqua sachet dah,1
1102,udah mendingan ntar kalo masalah lapor dah,1
1103,ok ditunggu,1
1104,udah normal kak jam an td,1
1105,aman,1
1106,promo bulan,1
1107,buka akses netflix ngga,1
1108,okee kak udah makasi yaa,1
1109,thankss udh normal kembali,1
1110,semoga membantu terima kasih wilsky,1
1111,hallo nuntuk pemasangan baru gimna ya mohon infonya,1
1112,ok trims infonya coba ya,1
1113,udh bnr mas mff yh,1
1115,utk biaya ya kak,1
1117,okeee pagi baru wifinya malem udah restart berkali kali lampu internetny,1
1118,netflix blokir,1
1119,dear gak niat buka blokir masa from home,1
1120,sobat,1
1121,sudahh dpt digunakan kembali ya kaaaa tencuuuuu,1
1122,teratasi thanks atas respon nya,1
1124,pasang internet mb dapetnya kbps,1
1125,cuman disuruh restart modem ya ndari kmrn restart modem terus ttp aja down ngimana sih,0
1126,siang gangguan untuk nomor indohome router pon indicatornya w,0
1127,aman restart,1
1128,halo koneksi diperbaiki habis dikonfirmasi telkom gak konek,0
1129,berulah internasionalnya down ngue butuh koneksi internasionalnya,0
1130,lemot mohon dibenahi,0
1131,mba mas wifi lemot banget ya,0
1132,indihome down udah hari ntolong fix,0
1133,ngapain bicarain streaming video cepat indihome netflix diblokir,0
1134,tolong dibantu masalah,0
1135,news baca kemarin udah ga ad respon kasus kedip lampu merah modem,0
1136,iyaa siang jg ka diana sya bales nya ya respon ya thx,0
1137,tolonglah,0
1138,randy parah emang sih yah tagihannya bikin kesel ga sesuai arahan awal salesnya kabur c,0
1139,tiket ga akses app indihome password lupa,0
1140,sprtinya otw dim,0
1141,iya gw dah smalem,0
1142,td telfon nada teknisi dtng terimakasih,1
1146,oke trims info nya,1
1147,thankyou udh indihomenya jgn diginiin dlu ya baru dibenerin,1
1148,td jaringan wifi id gmna caranya ya,0
1149,ka nugie makasi,1
1150,masyallah senang sudha kak bantu aplikasi myindihome ga biar bi,1
1151,ego ah jarang balas pengguna,0
1152,nggak balasan,0
1153,tolong perbaiki sinyal putus putus ga stabil gini ah kacaau,0
1154,perusahaan negara tp orientasi profitnya melebihi perusahaan swasta,0
1155,iya makasih ya minnn,1
1156,udah balas ditunggu jawabannya secepatnya,1
1157,udah balas ditunggu jawabannya secepatnya,0
1158,ping tinggi padahala baru pasang indihome minggu nrespon,0
1159,internet rumah gangguan mohon untuk proses,0
1160,syudah qaqaaaa nudah kemarin,1
1161,baik terimakasih,1
1163,halo indihome mengajukan ganti paket bulan januari bulan maret paketnya tetap da,0
1164,dilakukan kemaren,1
1165,oke ditunggu yaaaaa,1
1167,b sekeluarga wfh kuliah online ngajar learning tiba tiba error sedih bgt asli,0
1168,please masa kayak gini gangguan jaringan sampe hari help us please,0
1169,tolong kerjasama nya kelas online nih nangis,0
1170,kasih screenshot aplikasi myindihome lo status bayar,0
1171,registrasi indihome bayar deposit ga folowup cs whatsapp gak reply,0
1172,udah bener makasih ya,1
1173,santai bro udah gapapa yo say somethin,1
1174,udah aman mas xb,1
1175,lancar kembali kak,1
1176,internet udah lancar,1
1178,terima kasih informasinya pelanggan respon menghubungi resty,1
1179,udh minggu tdk ditangani,0
1180,tagihan indihome ga keluar bulan udah komplen berkali terjadi kayanya udah bula,0
1181,pagi udh r i p connection anjir,0
1182,ayo dukung nmasa internet mati jam sore tgl maret terus dibuatin tiketnya tg,0
1183,yaa ampun gila ampe skrng msh ngga balas nii speed internet ny aj kek sampah sumpah bayar mahal b,0
1184,halo berhenti langganan indihome dibantu persyaratan langkahnya,0
1185,baik tunggu konfirmasinya jam,1
1186,baik tunggu konfirmasinya jam,0
1187,dmnya dicuekin gitu maren kak xaa,0
1188,aplikasi myindihome lelet kali sulit akses gangguan masalah,0
1189,wifi kosanq bosokkkkk plislah episod,0
1190,petugas datang untuk mengecek terimakasih atas responnya,1
1191,ga jadi kam normal kembali kak makasih ya,1
1192,okey terimakasih atas responnya,1
1193,sebentar permintaan pasang wifi meningkat,1
1195,mimin tolong buka yaaaaa pala barbie pusing diteriakin orang rumah krn wifi mati,0
1196,laporan kemarin pagi respon cuman nanya no hp aktif yan,0
1197,lamban bener ye pergerakannya hari nih gw gabisa pake nbayarnya aja ontime naik mulu tp servicenya bg,0
1198,kak indi,1
1199,aman trims,1
1200,a husein rumadaul no fitual sampe tanggal maret aktifasi modemya,0
1201,masi pake indihome ganti myrepublicc,0
1202,kemarin lemot buanget daah,0
1203,oh iya terimakasih,1
1204,senin rabu internet blm digunakan jg on amp off konfirmasi,0
1207,ty,1
1208,baik terimakasih untuk solusi membantu menyelesaikan permasalahan,1
1209,internet tv mati hari nunggu sampe matinya nunggu hari asli kira,0
1210,selamat pagi melaporkan gangguan jaringan internet mohon untuk ditindaklanjuti,0
1211,hi semalam tiba down speednya mbps an nomor pelanggan,0
1212,indihome tiba melambat hari dibawah kbps untuk download,0
1213,maaf nsekarang normal kembali nterima kasih,1
1214,informasikan detail via terima kasih diana,1
1215,stabil dicoba koneksikan kembali berkendala silakan informasik,1
1216,baik rekan abdi,1
1218,normal internetnya terimakasih,1
1219,udah gadibales huhuuuu,0
1220,bangsat,0
1221,oke,1
1222,nda serius menangani urusan refund,0
1223,siap nuntuk hapus nkapan aktif wifi nya,0
1224,bapuk loe hah,0
1225,bener payah urusan refund aja januari sampe skrg nda terealisasi,0
1226,gangguan ya estimasi perbaikan ya kerjaan nih huuu,0
1227,dear terimakasih menjadi provider mati mendadak dibutuhkan kendala,1
1228,alhamdulillah internet normal kembali terima kasih,1
1229,baik terima kasih atas respon cepatnya jaringan normal kembali,1
1230,tolong rinciannya thx,1
1231,udah gk tuch,1
1232,halo tarif indohome p utk area sidoarjo brp ya kena tarif ribuan abis down,0
1233,terimakasih internet sdh normal,1
1234,perusahaan ga guna,0
1235,klo ya internet jalan,0
1236,nonton aja sampe bufferingnya si,0
1237,udah lg nih gengs tengs,1
1238,admin aplikasi myindihome verifikasi ktp aja gak upgrade paket internet nih,0
1239,malam lapor internet diblokir melakukan pembayaran telp sibuk terus,0
1240,halo akun ditangguhkan mengakses televisi m,0
1241,kasih channel gratis kayak provider negara lockdown insentif orang,1
1242,jg,1
1243,okeeey thank u miiit infonya yaaap,1
1244,oke makasih udah dipake lg ga respon km v,1
1245,udah kak gajadi,1
1246,terimakasih mulai normal kembali kerjain tugas,1
1247,iya udah bener,1
1248,sdh betul,1
1249,wkwkw oksiapp,1
1250,halo sobat terima kasih menghubungi telkom indonesia untuk mengingatkan kembali pertan,1
1251,pleasee,0
1252,tolong aplikasi my indihome gabisa diakses lewat responsif jam baru dibalas nurgent terima kasih,0
1254,internet konek tp adaninternet status dibayar,0
1255,pranata blm direspon,0
1257,mu,0
1258,no connection nih,0
1259,admin respon gaaakk drtd ga respon,0
1260,minn ko internetnya lemot bgt siu,0
1261,modem sayan lampu indikator internetnya mati gimana,0
1262,halooo tolong respon nya katanya menit tp msh gabisa koneksi internet nya,0
1263,biaya untuk migrasinya ya single play mbps,1
1264,makasih loh tamtam sarannya keknya emang bermasalah ya,1
1265,lancar jaya kak,1
1266,kaaa masang indihome gmna caranyaaa,1
1267,terimakasih miminnn pelayanann baiqqq sing sehat sing rejeki lancar weh c c c c,1
1268,mas mba kebetulan tinggal kosan bapak kosannya bilang emang satu daerah kebon jeruk w,1
1269,terima kasih indihome internet tv sdh kembali normal mantap,1
1270,oke terimakasih atas pelayanannya,1
1271,udah lancar ya terima kasih kemarin kecewa krn progressnya butuh hari teknisi,1
1273,mohon bantuan no internet jaringan terkoneksi tgl,0
1275,sudaaah jan,0
1276,siap kaka,1
1277,cara nambah kuota bagaimna,1
1278,oke aktif terus,1
1279,down aja terus,0
1280,no speedy udah restart wifi masi eror lampu internet mati skrng tv ikutan mati,0
1281,koneksi internet maluku utara down,0
1282,netflix dibuka,1
1283,udeh dah jalan tengyu,1
1284,pelayanan burukkkkk,0
1285,kak masalah selesai terima kasih,1
1286,internet trouble nmr tolong perbaiki,0
1287,makasihh sarannya udah nih,1
1288,terimakasih sarannya,1
1289,work from home internet mati kali ya restar kali jg blm lhomm,0
1290,siappp nterima kasih,1
1291,oke terima kasih kak,1
1292,ya kak terimakasih atas bantuannya,1
1293,done thx ya solusinya by,1
1294,baik kak terimakasih,1
1296,wow trims solusi nya,1
1298,restart tpi gabisa jugaa konfirnasi untuk inetnya dibayarkan ya jdi tolong aktifkan makasi,0
1299,tetap perubahan,0
1300,wuihhhh mantappppp,1
1301,bales ku nlama bangettttt,0
1302,klo gak lag ya gangguan,0
1303,indikator pon nyala berwarna merah yah,0
1304,makasih masalah tertangani jam teknisi langsung datang mohon pertahankan pelayananya,1
1312,gak transaksi pembayaran indihome mohon pencerahannya topup link,0
1313,dear admin kalo lampu indikator los kedip cara ngatasinya gemana,0
1314,malam internet dirumah mati direstart menit perubahan,0
1315,halo minnn td twiterku ga bales,0
1316,oke dah dbls,1
1317,halo mohon ya kekeliruan,0
1318,secepatnya ya,0
1319,lupa password akun myindihome nomor hp terdaftar udah hilang ganti nomor t,0
1320,mending pasang deh bang pilihan,0
1321,tinggal griya praweda cirendeu tangsel nindihome masuk kesini tahun,0
1322,tolong respon,0
1323,jaringan wifi stabil tgl lapor via my indihome tanggapan,0
1324,tolong ya,0
1325,halah taik udah jam woi gak bales cuk,0
1326,baik mohon bantuannya terimakasih,1
1327,jam mention gak jawab maksudnya gimana coba,0
1328,tolong direspon ya,0
1329,untuk nomer internet nya mohon ditangani skrang,0
1330,amp wifi bermasalah paket datanya jg,0
1331,info internet kabel stabil gak kaya gangguannya hampur hari rencana berhenti la,0
1332,tsel ngajak ribut bang aja berarti,0
1333,sdh coba tpi msh tdk kak,0
1334,kalo bayar tp tulisan terisolir gmna ya restart jg,0
1335,respon tolongggg,0
1336,coba tolong knp jaringan luelet nya minta ampun,0
1337,hari internet indihome lambat hilang an yah bales,0
1338,halo mbak nabil gmn ya msh ttp isolir gini ndak perubahan,0
1339,yaaahhhhhhhh baru mo pasang pdhl,0
1340,bos tolong internetnya bos,0
1341,jadi ragu mao pasang indihome hmm,0
1342,gmn ya punya msh ttp isolir gini udh restart unplug ont msh aja gk bs tolong dinotice,0
1343,nmin ku kau balas balas nsaya pindah p,0
1344,melakukan pemutusan langganan indihome membayar tagihan terakhir,0
1345,tolong flis lemot bangettt ya aduhhh karantina masalahnya kalo y gpp deh,0
1346,hallo daerah citeureup bogor bermasalah ya,0
1347,oke makasih xbc,1
1348,tolong dibantu koneksinya ketinggalan berita corona,0
1349,oke terimakasih xb,1
1350,selamat malam indihome tiba gabisa udah bayar tagihan bulan usee tv gabisa suruh masukin password,0
1351,malam baru tgl terisolir ya melakukan pembayaran msh tetap terisolir j,0
1352,malam kak faldi layanan indihome kak rangga terpantau mati dipakai,0
1353,tolong internet bermasalah pagi gabisa los nya nyala warna terus udh coba unplog kabel,0
1354,fup paket mbps gb ya,1
1355,downgrade mps kena skrg perbulan,1
1356,terima kasih kak atas respon cepatnya alhamdulillah teratasi,1
1357,okee ya kak,1
1358,amin terima kasih,1
1359,gak lucu work from home kayak gini wifi gak jgn bercanda,0
1360,terima kasih ka astu utk respon cepat nya,1
1361,dear internet pagi digunakan ya mencoba restart,0
1362,ganti aja,0
1363,netflix indihome gak,0
1364,oia paket indihome netizen kah,1
1365,nnama agus wahyu pratomo nid indiehome nkeluhan tagihan sesuai membengkak,0
1366,ama dua nya mantan ketua himakom,0
1367,halo blokir netflixnya gamau diberentiin dlu biar ga keluar rumah,0
1368,marahin aja jrin,0
1370,payahhh nih masa jakarta utara mati massal jelek bener,0
1371,pemasanagn baru tolong infonya,1
1372,halo ditunggu kabar baiknya,1
1373,hmmmm udah sejam gak respon,0
1374,halo indihome internet knp ya los nya merah tolong diperbaiki,0
1375,tetep aja rto terus udah menit restart menit aja hasilnya cepet rtonya,0
1376,mohon kirm link perihal refundnya malas menunggu bulan,0
1377,asik streaming eh tiba tiba lambat putus putus lampu indikator modem sobat menyala,0
1378,pengen upgrade kecepatan indihome dibantu,1
1379,amp berikan tayangan bagus donk isolasi dirumah gak ngebosenin,0
1380,stay rumah aja netflix diblok kerja rumah internet down pas ujan ah elah,0
1381,knp wifi dipakai ya perasaan tanggal hmmm,0
1382,bayar bln rebu mo donlot drakor ukuran gb sampe anak sd dah mo wisuda s,0
1383,tetep aja mati gk konek,0
1385,gimana mati terus udah nih jam kaya gak gunanya teknisi rumah,0
1386,nonton netflix eh iya lupa,0
1387,mohon tanggapi thanks,0
1388,whyyy indihomeee satu bulan penyakitnya,0
1389,uda baikan indihomenya thankyou,1
1390,b c mon gratisin sebulan kek,1
1391,oke makasih sarannya admin nugie,1
1392,ngangguan bulan kakak bln feb just komplain kayak kakak bln kompl,0
1393,iyaa lockdown efektif kalo jaringan internet kembali,0
1394,no pelanggan siang terhubung internet mohon bantuannya please,0
1395,siang wifi gak connect nih gak bs kerja istri udah re start jg tuh modem nya ka,0
1396,akses point punya gtu ya cara ngatasinnya gimna udah direstart lepas colok kabel pindah,0
1397,mamank napa wipi aing lemot dahh,0
1398,berkendala ya,0
1399,lakukan tdi janji teknisi jam tpi detik ngak muncul batang hidun,0
1400,tolong respon keluhannya terimakasih,0
1401,udh ketemu blm kendalanya,0
1402,baca trims,0
1403,gara internet pakai amp jadi ga buka netflix,0
1404,kasih nomernya jenuh bln komplain bayarnya ngak telat tanggung jawab telkom,0
1405,bln mesti komplain bayarnya ngak telat tanggung jawab telkom pelanggan,0
1407,gangguan tempat jam selesai telkom jug,0
1408,koneksi internet rumah mengalami gangguan muncul kedipan merah tmbol pon mohon ditindaklanjuti terimaksih,0
1410,gangguan tempat jam sele,0
1411,gangguan tempat jam selesai apaka,0
1412,no hari mati total perbaikannya beres tolong te,0
1413,pelayanannya slow respon gak respon giliran pembayaran aja telat sehari udah koar,0
1414,tolong istri work from home gak bs connect dg wifi nya siang td mohon tindak lanjuti,0
1415,hallo konfirmasi internet loss lapor dental estimasi jam wita,0
1416,ok terimakasih,1
1417,tgl blokir langsung bayar ga dibuka ya no pelanggan,0
1418,tgl blokir langsung bayar ga dibuka ya no pelanggan tolon,0
1419,tolong dicek udah hari nih,0
1420,langganan paket mbps speednya dapet segini knp ya pingnya gak stabil,0
1421,hallo koneksi internet putus jam pekerjaan lap,0
1422,lemot nih,0
1423,hallo sampe kog blm teratasi masalah gangguannya dina lho nkami kontrakan bingung,0
1424,memilih untuk berfungsi wfh,0
1425,halo bayaran tambah mahal baru tgl sdh bokir dlm hitungan menit langsung bayar tad,0
1426,menyapa sobat menampung keluhku indihomeque jaringannya tiada l,0
1427,punten gerangan hari internet nya lemot,0
1428,work from home tp terkendala wifi nih,0
1429,udeeeeeh kagak,0
1430,sekedar masukkan pelanggan setia mudah an kedepan baik,1
1431,halo admin dmnya dibalas ya tolong respond terimakasih,0
1432,benerin cara kerja telkom naikin kecepatan konfirmasi pemilik proses kompla,0
1433,baca,0
1434,bls lg,0
1435,wifi udh hari tersambung solusi dihubungi,0
1436,tolong respon ya penting berhubungan useetv,0
1438,daritadi tungguin gak dibales bales sih heran,0
1439,kak icyan membantu,1
1441,support donk negara dg melakukan free channel amp free wi fi gerakan sd,1
1442,diopen channel segenap warga indonesia berlangganan indihome bosan dirumah mumpung si,1
1443,baik kak,1
1444,blom,0
1446,gangguan karawang koneksi,0
1447,ya ujan dikit lgsg ilang tuh ga nyala capek ah teken ga beda nya,0
1448,hari pusing ngurus ngurus mati ketambah useetv nya bermasalah lapor suruh nun,0
1449,tolong dibantu lampu merah nyala td pagi udah dimatiin sampe sejam tetep gamau bener ni nomernya,0
1450,nmin tolong balas,0
1451,tolong direspon,0
1452,desserts kasus kek gitu lampu los merah responnya udh,0
1453,tolong beri tau total tagihan balas,0
1454,tv indihome gak gimana caranya,0
1455,baru dua kali lapor gangguan jd kalo solusi standart kaya gini udh hapal udh,0
1457,sdh jam menunggu penanganan internet putus tindak lanjutnya a,0
1459,dear bs bantu pemerintah menaikan speed internet betah rmh terimakasih,1
1460,b pemerintah menyuruh rumah kegiatan liburkan mudah memberikan tonotnan gratis film betah rumah,1
1461,tindaklanjutnya yah admin soalnya kemarin gangguan koneksinya,0
1462,awww responnya cepet bnged cyg indihome xef xb,0
1463,udah gak lelet malem lelet bgt habis isya sampe jam an malem gitu make wifi nya,0
1464,thanks ya bantuannya internetnya normal,1
1465,sdh lapor via internet amp telp rumah off ganti optik off dibanding paka,0
1466,admin kemaren menanyakan lewat tindaklanjutnya sek,0
1467,internet rumah digunakan menggunakan fitur indira app indihome melakuk,0
1468,ett dah lg disuruh wfh nya gangguan terpaksa pake paket data lemot jg lu,0
1469,astu bales lg,0
1470,kudu update tweet keknya baru direspon udh gak jawaban c sebulan aja error,0
1471,siang udah laporan gangguan internet los merah sampe skrh proses tolong p,0
1472,ok ditunggu konfirmasinya ya,1
1474,admin nomor melakukan panggilan tagihan telepon dibayar mohon infonya terima kasih,0
1475,indihome gangguan nih indikator los nyala merah tolong responnya,0
1476,tolong hari jaringan lelet akses jelek bgt jaringannya,0
1477,ga tetep aduannya akun aja sih akun lambat banget,0
1478,yaallah nape sih indihome gak denger keluhan ku padahalkan ane jg rajin byr tepat waktu nape,0
1479,haloooo nudah didm ga respon nih ghosting sihhhhhh kaaaaaakkkkkk,0
1480,bales gmn pagi mati internet,0
1481,balas kaka kaka cuman diread aja yah,0
1482,aduh internet ga teknisi teknisi,0
1483,tinggal tunggu aja ya gausah ngapa ngapain ya,0
1484,wifi indihome gaada gratisan sebulan biar lockdownnya nyaman gitu,1
1485,wifi indihome gaada gratisan sebulan biar lockdownnya nyaman gitu,0
1486,thx,1
1487,lag sih main dota aman,0
1488,b mulai maret jam internet mati lampu indikator internet mati,0
1489,akhir akhir jaringan lemot banget elah streaming aja buffering terus tolong banget mah,0
1490,kompensasi layanan eror aja udah cukup,0
1491,alhamdulillah terimakasih,1
1492,kebiasaan jm segini wifi error,0
1493,sorry slow respon done yaa kemarin ga loading ga masuk halaman,0
1494,perbaikan jaringannya udah hari gabisa internetan gimana work fr,0
1495,siang modem berkedip merah kalo sdh bgt tv internet putus thq,0
1496,wifi id tolong dibenerin biar ga perlu keluar cari kehidupan,0
1497,oke makasih infonya coba,1
1498,uda katanya sampe tgl makasi,1
1499,kak kalo tulisan losnya kedip merah ya,0
1500,loss nyla merah hari dancok pelayanan taik,0
1501,drtd respon tolong setengah hari koneksi jaringan los,0
1502,iyaa ditunggu,1
1503,koneksi dikalimantan tmpt jelek banget indihomenya knpa gtu ya,0
1504,iya nih indihome ga niatan memberikan up speed gratis untuk pengguna gitu untuk hari,1
1505,dateng teknisi nya makasih kak,1
1506,ok trims infonya,1
1507,aksi cepat nterimakasih nsekarang stb,1
1508,udah,1
1510,langganan indihome padang,1
1511,bantu langganan indihome kota padang,1
